1,1,1,1,1,1,1,1,1,1,1,1,1,1,1,1,1,1,1,1,1,1,1,1,1,1,1,1,1,1,1,1,1,1,1,1,1,1,1,1,1,1,1,1
1,1,1,1,1,1,1,1,1,1,1,1,1,1,1,1,1,1,1,1,1,1,1,1,1,1,1,1,1,1,1,1,1,1,1,1,1,1,1,1,1,1,1,1
1,1,1,1,1,1,1,1,1,1,1,3,1,1,1,1,1,1,1,1,1,1,1,1,1,1,1,1,1,1,1,3,3,1,1,1,1,1,1,1,1,1,1,1
1,1,1,3,3,1,1,1,1,1,3,3,3,1,1,1,1,1,1,1,0/*:1,1,1,1,1,1,1,1,1,1,3,3,3,1,1,1,1,1,3,3,3,1,1,1
1,1,1,3,0/*:1,3,1,1,1,1,1,3,1,1,1,1,1,1,1,1,1,1,1,1,1,1,1,1,1,1,1,3,1,1,1,1,1,1,3,0/*:1,3,1,1,1
1,1,1,3,3,3,1,1,1,1,1,1,1,1,1,1,1,3,1,1,1,1,1,1,3,3,3,1,1,1,1,1,1,1,1,1,1,1,3,3,1,1,1,1
1,1,1,1,1,1,1,1,1,1,1,1,0/*:1,1,1,1,3,0/*:1,1,1,1,1,1,1,3,0/*:1,3,1,1,1,1,1,1,1,1,1,1,1,1,1,1,1,1,1
1,1,1,1,1,1,1,1,3,1,1,1,1,1,1,1,3,3,1,1,1,1,1,1,1,3,1,1,1,1,1,1,1,1,3,3,1,1,1,1,1,1,1,1
1,1,1,1,1,1,1,3,3,3,3,3,1,1,1,1,1,1,1,1/1080:4/1800:1,1,1/1080:4/1800:1,1,1/1080:4/1800:1,1,1,1,1,1,1,1,1,1,3,3,3,3,1,1,1,1,1,1,1
1,1,1,1,1,1,1,3,3,0/*:1,3,3,1,1,1,1,1,1/1080:4/1800:1,1/1080:4/1800:1,1/1080:4/1800:1,1,1/1080:4/1800:1,1,1,1,1/1080:4/1800:1,1/1080:4/1800:1,1,1/1080:4/1800:1,1,1,1,3,1,0/*:1,1,1,1,1,1,1,1,1,1
1,1,1,1,1,1,1,1,3,3,3,3,1,1/1080:4/1800:1,0/*:1,0/*:1,1/1080:4/1800:1,1/1080:4/1800:1,1/1080:4/1800:1,1/1080:4/1800:1,1/1080:4/1800:1,1,1,1,1,1/1080:4/1800:1,1/1080:4/1800:1,1/1080:4/1800:1,1,1,1/1080:4/1800:1,1,3,1,1,1,1,1,1,1,3,1,1,1
1,1,3,3,1,1,1,1,1,3,3,1,1,1,1,1/1080:4/1800:1,1/1080:4/1800:1,1/1080:4/1800:1,1/1080:4/1800:1,1/1080:4/1800:1,1,1,1/1080:4/1800:1,1/1080:4/1800:1,1/1080:4/1800:1,1,1/1080:4/1800:1,1/1080:4/1800:1,1/1080:4/1800:1,1/1080:4/1800:1,1/1080:4/1800:1,1/1080:4/1800:1,1,1,1,1,1,1,1,3,3,3,1,1
1,1,3,3,3,1,1,1,1,1,1,1,1,1/1080:4/1800:1,1,1,1/1080:4/1800:1,1/1080:4/1800:1,1,3,1,1,1,1,1,1,1,1,1,1,1/1080:4/1800:1,1/1080:4/1800:1,1,1,1,1,1,0/*:1,1,1,3,1,1,1
1,1,1,3,1,1,1,1,1,1,1,1,1/1080:4/1800:1,3,3,1/1080:4/1800:1,1,1,1,3,3,1,1,1,3,3,1,1,1/1080:4/1800:1,3,3,1,1/1080:4/1800:1,1/1080:4/1800:1,1,1,1,1,1,1,1,1,1,1
1,1,1,1,1,1,1,1,1,1,1,1,1,3,3,3,1,1,1/2700:4/3480:1,3,1,1,1/2700:4/3480:1,1/2700:4/3480:1,3,1,1,1,3,3,3,1/1080:4/1800:1,1,0/*:1,1,1,1,1,1,1,1,1,1,1
1,1,1,1,1,1,1,1,1,1,1/1080:4/1800:1,1/1080:4/1800:1,1/1080:4/1800:1,1,3,1,1,1,1/2700:4/3480:1,1,1,3,3,1,1/2700:4/3480:1,1/2700:4/3480:1,1/2700:4/3480:1,1,1,3,1/1080:4/1800:1,1/1080:4/1800:1,1/1080:4/1800:1,0/*:1,1,1,1,1,1,1,1,1,1,1
1,1,1,1,1,1,1,1,1,1,1,1/1080:4/1800:1,1,1,1,1,1,1/2700:4/3480:1,1/2700:4/3480:1,1/2700:4/3480:1,1/2700:4/3480:1,3,3,1/2700:4/3480:1,1,1/2700:4/3480:1,1/2700:4/3480:1,1,1,1,1,1/1080:4/1800:1,1,1/1080:4/1800:1,1,1,3,3,1,1,1,1,1,1
1,1,1,1,1,1,3,1,1,1/1080:4/1800:1,1,1,1/1080:4/1800:1,1,1,1/2700:4/3480:1,1/2700:4/3480:1,1/2700:4/3480:1,1/2700:4/3480:1,2,2,2,2,2,2,1,1/2700:4/3480:1,1/2700:4/3480:1,1,1,1,1/1080:4/1800:1,1/1080:4/1800:1,1/1080:4/1800:1,1/1080:4/1800:1,1/1080:4/1800:1,3,0/*:1,1,1,1,1,1,1
1,1,1,1,1,1,0/*:1,3,1/1080:4/1800:1,1,1/1080:4/1800:1,1,1,3,1,1/2700:4/3480:1,1/2700:4/3480:1,1,2,2,2,2,2,2,2,2,1/2700:4/3480:1,1/2700:4/3480:1,1/2700:4/3480:1,1/2700:4/3480:1,1,1,1/1080:4/1800:1,1,1,1,1,1,1,1,1,1,1,1
1,1,1,1,1,1,3,1,1,1/1080:4/1800:1,1,1/1080:4/1800:1,1,3,3,1/2700:4/3480:1,1,2,2,2,2,2,2,2,2,2,2,1,1/2700:4/3480:1,3,3,3,1,1,1/1080:4/1800:1,1,1,1,1,1,1,1,1,1
1,1,1,1,1,1,1,1,1/1080:4/1800:1,1,1,1,1,1,1/2700:4/3480:1,1/2700:4/3480:1,1/2700:4/3480:1,2,2,2,2,2,2,2,2,2,2,1,1,1,3,1,1,1,1,1,1,1,1,1,0/*:1,1,1,1
1,1,1,1,1,1,1,1,1,1,1,1,1,1,1/2700:4/3480:1,3,3,2,2,2,2,2,2,2,2,2,2,3,3,1/2700:4/3480:1,1,1,1,1,1,1,1,1,1,1,1,1,1,1
1,1,1,1,1,1,1,1,1,1,1/1080:4/1800:1,1,1,1,1/2700:4/3480:1,3,3,2,2,2,2,2,2,2,2,2,2,3,3,1,1,1,1/1080:4/1800:1,1/1080:4/1800:1,1/1080:4/1800:1,1/1080:4/1800:1,1,1,1,1,1,1,1,1
1,1,1,0/*:1,1,1,1,1,1/1080:4/1800:1,1,1,1/1080:4/1800:1,1,3,1,1/2700:4/3480:1,1/2700:4/3480:1,2,2,2,2,2,2,2,2,2,2,1/2700:4/3480:1,1/2700:4/3480:1,1,1,1,1,1,1,1/1080:4/1800:1,1,1,1,1,1,1,1,1
1,1,1,1,1,1,1,1,1,1,1,1,3,3,3,1/2700:4/3480:1,1,2,2,2,2,2,2,2,2,2,2,1,1/2700:4/3480:1,3,3,1,1/1080:4/1800:1,1/1080:4/1800:1,1/1080:4/1800:1,1/1080:4/1800:1,1,3,3,1,1,1,1,1
1,1,1,1,1,1,1,1,1/1080:4/1800:1,1/1080:4/1800:1,1/1080:4/1800:1,1,1,1,1/2700:4/3480:1,1,1/2700:4/3480:1,1,2,2,2,2,2,2,2,2,1/2700:4/3480:1,1/2700:4/3480:1,1,1,3,1,1,1/1080:4/1800:1,1/1080:4/1800:1,1/1080:4/1800:1,3,0/*:1,3,1,1,1,1,1
1,1,1,1,1,3,0/*:1,3,1/1080:4/1800:1,1,1,1/1080:4/1800:1,1,1,1,1,1,1,1/2700:4/3480:1,2,2,2,2,2,2,1,1,1,1/2700:4/3480:1,1,1,1,1,1/1080:4/1800:1,1/1080:4/1800:1,1/1080:4/1800:1,1,3,3,1,1,1,1,1
1,1,1,1,1,1,3,3,1,1,1/1080:4/1800:1,1,1/1080:4/1800:1,1,1,1,1,1/2700:4/3480:1,1/2700:4/3480:1,1/2700:4/3480:1,1,3,3,1/2700:4/3480:1,1,1,1/2700:4/3480:1,1/2700:4/3480:1,1,1,1,1,1/1080:4/1800:1,1,1/1080:4/1800:1,1,1,1,1,1,1,1,1,1
1,1,1,1,1,1,1,1,1,1/1080:4/1800:1,0/*:1,1/1080:4/1800:1,1/1080:4/1800:1,1/1080:4/1800:1,3,1,1,1/2700:4/3480:1,1,1,1,3,3,1,1/2700:4/3480:1,1/2700:4/3480:1,1/2700:4/3480:1,1,1,3,1,1,1,1,1/1080:4/1800:1,1,1,1,1,1,1,1,1,1
1,1,1,1,1,1,1,1,1,1,0/*:1,1,1/1080:4/1800:1,3,3,3,1,1,1,3,1/2700:4/3480:1,1/2700:4/3480:1,1,1/2700:4/3480:1,3,1/2700:4/3480:1,1,1,3,3,3,1/1080:4/1800:1,1/1080:4/1800:1,1/1080:4/1800:1,1,1,1,1,1,1,1,1,1,1
1,1,1,1,1,1,1,1,1,1,1/1080:4/1800:1,1,1/1080:4/1800:1,3,3,1,1,1,3,3,1,1,1,3,3,1,1,1,1,3,3,1/1080:4/1800:1,1,1/1080:4/1800:1,1,1,1,1,1,1,3,1,1,1
1,1,1,3,1,1,0/*:1,1,1,1,1,1,1,1/1080:4/1800:1,1/1080:4/1800:1,1/1080:4/1800:1,1/1080:4/1800:1,1/1080:4/1800:1,1,1,1,1,1,1,3,1,1,1,1/1080:4/1800:1,1/1080:4/1800:1,1/1080:4/1800:1,1,1,1,1,1,1,1,1,3,3,3,1,1
1,1,3,3,3,1,1,1,1,1,3,1,1,1/1080:4/1800:1,1/1080:4/1800:1,1/1080:4/1800:1,1,1,1/1080:4/1800:1,1,1/1080:4/1800:1,1/1080:4/1800:1,1,1/1080:4/1800:1,1/1080:4/1800:1,1/1080:4/1800:1,1,1/1080:4/1800:1,1/1080:4/1800:1,1/1080:4/1800:1,1/1080:4/1800:1,1,1,3,3,1,1,1,1,1,3,3,1,1
1,1,1,3,1,1,1,1,1,1,3,3,1,1/1080:4/1800:1,1,1,1/1080:4/1800:1,1,1/1080:4/1800:1,1/1080:4/1800:1,1,1/1080:4/1800:1,1,1/1080:4/1800:1,1,1/1080:4/1800:1,1/1080:4/1800:1,1/1080:4/1800:1,0/*:1,0/*:1,1,1,3,3,3,1,1,1,1,1,1,1,1,1
1,1,1,1,1,1,1,1,1,0/*:1,3,3,1,1,1,1/1080:4/1800:1,1/1080:4/1800:1,1,1,1/1080:4/1800:1,1,1,1/1080:4/1800:1,1/1080:4/1800:1,1/1080:4/1800:1,1/1080:4/1800:1,1,1/1080:4/1800:1,1,1,1,1,3,3,0/*:1,3,3,1,1,1,1,1,1,1
1,1,1,1,1,1,1,3,3,3,3,1,1,1,1,1,1,1/1080:4/1800:1,1,1,1/1080:4/1800:1,1/1080:4/1800:1,1/1080:4/1800:1,1/1080:4/1800:1,1,1/1080:4/1800:1,1/1080:4/1800:1,1,1,1,1,1,3,3,3,3,3,1,1,1,1,1,1,1
1,1,1,1,1,1,1,1,3,3,1,1,1,1,1,1,1,1,3,1,1,1,1,1,1,1,3,3,1,1,1,1,1,1,1,3,1,1,1,1,1,1,1,1
1,1,1,1,1,1,1,1,1,1,1,1,1,1,1,1,1,3,0/*:1,1,1,1,1,1,1,1,0/*:1,3,1,1,1,0/*:1,1,1,1,1,1,1,1,1,1,1,1,1
1,1,1,1,3,3,1,1,1,1,1,1,1,1,1,1,1,3,1,1,1,1,1,1,1,1,3,1,1,1,1,1,1,1,1,1,1,1,3,3,3,1,1,1
1,1,1,3,0/*:1,3,1,1,1,1,1,1,3,1,1,1,1,1,1,1,1,1,1,1,1,1,1,1,1,1,1,1,3,1,1,1,1,1,3,0/*:1,3,1,1,1
1,1,1,3,3,3,1,1,1,1,1,3,3,3,1,1,1,1,1,1,1,1,1,0/*:1,1,1,1,1,1,1,1,3,3,3,1,1,1,1,1,3,3,1,1,1
1,1,1,1,1,1,1,1,1,1,1,3,3,1,1,1,1,1,1,1,1,1,1,1,1,1,1,1,1,1,1,1,3,1,1,1,1,1,1,1,1,1,1,1
1,1,1,1,1,1,1,1,1,1,1,1,1,1,1,1,1,1,1,1,1,1,1,1,1,1,1,1,1,1,1,1,1,1,1,1,1,1,1,1,1,1,1,1
1,1,1,1,1,1,1,1,1,1,1,1,1,1,1,1,1,1,1,1,1,1,1,1,1,1,1,1,1,1,1,1,1,1,1,1,1,1,1,1,1,1,1,1