1,1,1,1,1,1,1,1,1,1,1,1,1,1,1,1,1,0/*:1,0/*:1,1,1,1,1,1,1,1,1,1,1,1,1,1,1,1,1,1
1,1,1,1,1,1,1,1,1,1,1,1,1,1,1,1,1,0/*:1,0/*:1,1,1,1,1,1,1,1,1,1,1,1,1,1,1,1,1,1
1,1,1,1,1,1,1,1,1,1,1,1,1,1,1,1,1,0/*:1,0/*:1,1,1,1,1,1,1,1,1,1,1,1,1,1,1,1,1,1
1,1,1,1,1,1,1,1,1,1,1,1,0/*:1,0/*:1,1,1,1,0/*:1,0/*:1,1,1,1,1,3,1,1,1,1,1,1,1,1,1,1,1,1
1,1,1,1,3,3,3,1,1,1,1,1,0/*:1,0/*:1,1,1,1,0/*:1,0/*:1,1,1,1,1,3,1,1,1,1,1,1,3,3,1,1,1,1
1,1,1,1,3,3,3,1,1,1,1,1,1,1,1,1,1,0/*:1,0/*:1,1,1,1,1,1,1,1,1,1,1,1,3,3,1,1,1,1
1,1,1,1,1,1,1,1,1,1,1,1,1,1,1,1,1,0/*:1,0/*:1,1,1,1,1,1,1,1,1,1,1,1,3,3,1,1,1,1
1,1,1,1,1,1,1,1,1,1,1,1,1,1,1,1,1,0/*:1,0/*:1,1,1,1,1,1,1,1,1,1,1,1,1,1,1,1,1,1
1,1,1,1,1,1,1,1,1,1,1,1,1,1,1,1,1,0/*:1,0/*:1,1,1,1,1,1,1,1,1,1,1,1,1,1,1,1,1,1
1,1,1,1,1,1,1,1,1,1,1,1,1,1,1,1,1,0/1680:4/1920:2,0/1680:4/1920:2,1,1,3,1,1,1,1,1,1,1,1,1,1,1,1,1,1
1,1,1,1,1,1,1,1,1,1,1,1,1,1,1,1,1,1,1,1,1,3,1,1,1,1,1,1,1,1,1,1,1,1,1,1
1,1,1,1,1,1,1,1,1,1,1,0/*:1,0/*:1,1,1,1,1,1,1,1,1,1,1,0/*:1,0/*:1,1,1,1,1,1,1,1,1,1,1,1
1,1,1,3,3,1,1,1,1,1,1,0/*:1,0/*:1,1,1,1,1,0/1680:4/1920:2,0/1680:4/1920:2,1,1,1,1,0/*:1,0/*:1,1,1,1,1,1,1,0/*:1,0/*:1,1,1,1
1,1,1,1,1,1,1,1,1,1,1,1,1,1,1,1,1,0/1680:4/1920:2,0/1680:4/1920:2,1,1,1,1,1,1,1,1,1,1,1,1,0/*:1,0/*:1,1,1,1
1,1,1,1,1,1,1,1,1,3,3,1,1,1,1,1,1,0/1680:4/1920:2,0/1680:4/1920:2,1,1,1,1,1,1,1,1,1,1,1,1,1,1,1,1,1
1,1,1,1,1,1,1,1,1,1,1,1,1,1,1,1,1,0/1680:4/1920:2,0/1680:4/1920:2,1,1,1,1,1,1,1,1,1,1,1,1,1,1,1,1,1
1,1,1,1,1,1,1,1,1,1,1,1,1,1,1,1,1,0/1680:4/1920:2,0/1680:4/1920:2,1,1,1,1,1,1,1,1,1,1,1,1,1,1,1,1,1
0/*:1,0/*:1,0/*:1,0/*:1,0/*:1,0/*:1,0/*:1,0/*:1,0/*:1,0/1680:4/1920:2,1,1,0/1680:4/1920:2,0/1680:4/1920:2,0/1680:4/1920:2,0/1680:4/1920:2,0/1680:4/1920:2,0/*:1,0/*:1,0/1680:4/1920:2,0/1680:4/1920:2,0/1680:4/1920:2,0/1680:4/1920:2,0/1680:4/1920:2,1,1,0/1680:4/1920:2,0/*:1,0/*:1,0/*:1,0/*:1,0/*:1,0/*:1,0/*:1,0/*:1,0/*:1
0/*:1,0/*:1,0/*:1,0/*:1,0/*:1,0/*:1,0/*:1,0/*:1,0/*:1,0/1680:4/1920:2,1,1,0/1680:4/1920:2,0/1680:4/1920:2,0/1680:4/1920:2,0/1680:4/1920:2,0/1680:4/1920:2,0/*:1,0/*:1,0/1680:4/1920:2,0/1680:4/1920:2,0/1680:4/1920:2,0/1680:4/1920:2,0/1680:4/1920:2,1,1,0/1680:4/1920:2,0/*:1,0/*:1,0/*:1,0/*:1,0/*:1,0/*:1,0/*:1,0/*:1,0/*:1
1,1,1,1,1,1,1,1,1,1,1,1,1,1,1,1,1,0/1680:4/1920:2,0/1680:4/1920:2,1,1,1,1,1,1,1,1,1,1,1,1,1,1,1,1,1
1,1,1,1,1,1,1,1,1,1,1,1,1,1,1,1,1,0/1680:4/1920:2,0/1680:4/1920:2,1,1,1,1,1,1,1,1,1,1,1,1,1,1,1,1,1
1,1,1,1,1,1,1,1,1,1,1,1,1,1,1,1,1,0/1680:4/1920:2,0/1680:4/1920:2,1,1,1,1,1,1,3,3,1,1,1,1,1,1,1,1,1
1,1,1,0/*:1,0/*:1,1,1,1,1,1,1,1,1,1,1,1,1,0/1680:4/1920:2,0/1680:4/1920:2,1,1,1,1,1,1,1,1,1,1,1,1,1,1,1,1,1
1,1,1,0/*:1,0/*:1,1,1,1,1,1,1,0/*:1,0/*:1,1,1,1,1,0/1680:4/1920:2,0/1680:4/1920:2,1,1,1,1,0/*:1,0/*:1,1,1,1,1,1,1,3,3,1,1,1
1,1,1,1,1,1,1,1,1,1,1,0/*:1,0/*:1,1,1,1,1,1,1,1,1,1,1,0/*:1,0/*:1,1,1,1,1,1,1,1,1,1,1,1
1,1,1,1,1,1,1,1,1,1,1,1,1,1,3,1,1,1,1,1,1,1,1,1,1,1,1,1,1,1,1,1,1,1,1,1
1,1,1,1,1,1,1,1,1,1,1,1,1,1,3,1,1,0/1680:4/1920:2,0/1680:4/1920:2,1,1,1,1,1,1,1,1,1,1,1,1,1,1,1,1,1
1,1,1,1,1,1,1,1,1,1,1,1,1,1,1,1,1,0/*:1,0/*:1,1,1,1,1,1,1,1,1,1,1,1,1,1,1,1,1,1
1,1,1,1,1,1,1,1,1,1,1,1,1,1,1,1,1,0/*:1,0/*:1,1,1,1,1,1,1,1,1,1,1,1,1,1,1,1,1,1
1,1,1,1,3,3,1,1,1,1,1,1,1,1,1,1,1,0/*:1,0/*:1,1,1,1,1,1,1,1,1,1,1,1,1,1,1,1,1,1
1,1,1,1,3,3,1,1,1,1,1,1,1,1,1,1,1,0/*:1,0/*:1,1,1,1,1,1,1,1,1,1,1,3,3,3,1,1,1,1
1,1,1,1,3,3,1,1,1,1,1,1,3,1,1,1,1,0/*:1,0/*:1,1,1,1,0/*:1,0/*:1,1,1,1,1,1,3,3,3,1,1,1,1
1,1,1,1,1,1,1,1,1,1,1,1,3,1,1,1,1,0/*:1,0/*:1,1,1,1,0/*:1,0/*:1,1,1,1,1,1,1,1,1,1,1,1,1
1,1,1,1,1,1,1,1,1,1,1,1,1,1,1,1,1,0/*:1,0/*:1,1,1,1,1,1,1,1,1,1,1,1,1,1,1,1,1,1
1,1,1,1,1,1,1,1,1,1,1,1,1,1,1,1,1,0/*:1,0/*:1,1,1,1,1,1,1,1,1,1,1,1,1,1,1,1,1,1
1,1,1,1,1,1,1,1,1,1,1,1,1,1,1,1,1,0/*:1,0/*:1,1,1,1,1,1,1,1,1,1,1,1,1,1,1,1,1,1